<?xml version="1.0" encoding="utf-8"?>

<!--
@name     Session Debloater|Default
@author   Andrii Burkatskyi, ocmod.space@gmail.com
@version  1.2.1
@link     https://www.opencart.com/index.php?route=marketplace/extension/info&extension_id=38580
@link     https://github.com/ocmod-space/ocmod-session-debloater
@licence  https://raw.githubusercontent.com/ocmod-space/ocmod-session-debloater/main/LICENSE.txt
-->

<modification>
    <name>#ocmod.space: session-debloater|default</name>
    <code>session-debloater--default</code>
    <version>1.2.1</version>
    <author>Andrii Burkatskyi</author>
    <link>https://www.opencart.com/index.php?route=marketplace/extension&amp;filter_member=ocmod.space</link>

    <file path="system/library/session/db.php">
        <operation error="log">
            <search>
                <![CDATA[public $expire = '';]]>
            </search>
            <add position="replace">
                <![CDATA[public $maxlifetime;  /// session-debloater|default]]>
            </add>
        </operation>

        <operation error="log">
            <search>
                <![CDATA[$this->expire = ini_get('session.gc_maxlifetime');]]>
            </search>
            <add position="replace">
                <![CDATA[/// << session-debloater|default
		$this->maxlifetime = ini_get('session.gc_maxlifetime') !== null ? (int)ini_get('session.gc_maxlifetime') : 1440;

		$this->gc();
		/// >> session-debloater|default]]>
            </add>
        </operation>

        <operation error="log">
            <search>
                <![CDATA[$query = $this->db->query("SELECT `data` FROM `" . DB_PREFIX . "session` WHERE session_id = '" . $this->db->escape($session_id) . "' AND expire > " . (int)time());]]>
            </search>
            <add position="replace">
                <![CDATA[$query = $this->db->query("SELECT `data` FROM `" . DB_PREFIX . "session` WHERE `session_id` = '" . $this->db->escape($session_id) . "' AND `expire` > '" . $this->db->escape(date('Y-m-d H:i:s', time())) . "'");]]>
            </add>
        </operation>

        <operation error="log">
            <search>
                <![CDATA[$this->db->escape(date('Y-m-d H:i:s', time() + $this->expire))]]>
            </search>
            <add position="replace">
                <![CDATA[$this->db->escape(date('Y-m-d H:i:s', time() + (int)$this->maxlifetime))]]>
            </add>
        </operation>

        <operation error="log">
            <search>
                <![CDATA[$this->db->query("DELETE FROM `" . DB_PREFIX . "session` WHERE expire < " . ((int)time() + $expire));]]>
            </search>
            <add position="replace">
                <![CDATA[/// << session-debloater|default
		if (ini_get('session.gc_divisor') && $gc_divisor = (int)ini_get('session.gc_divisor')) {
			$gc_divisor = $gc_divisor === 0 ? 100 : $gc_divisor;
		} else {
			$gc_divisor = 100;
		}

		if (ini_get('session.gc_probability')) {
			$gc_probability = (int)ini_get('session.gc_probability');
		} else {
			$gc_probability = 1;
		}

		if (mt_rand() / mt_getrandmax() < $gc_probability / $gc_divisor) {
			$this->db->query("DELETE FROM `" . DB_PREFIX . "session` WHERE `expire` < '" . $this->db->escape(date('Y-m-d H:i:s', time())) . "'");

			return true;
		}

        return false;
		/// >> session-debloater|default]]>
            </add>
        </operation>

        <operation error="log">
            <search>
                <![CDATA[gc($expire)]]>
            </search>
            <add position="replace">
                <![CDATA[gc()]]>
            </add>
        </operation>

        <operation error="log">
            <search>
                <![CDATA["', expire = '"]]>
            </search>
            <add position="replace">
                <![CDATA["', `expire` = '"]]>
            </add>
        </operation>

        <operation error="log">
            <search>
                <![CDATA[SET session_id]]>
            </search>
            <add position="replace">
                <![CDATA[SET `session_id` ]]>
            </add>
        </operation>

        <operation error="log">
            <search>
                <![CDATA[WHERE session_id]]>
            </search>
            <add position="replace">
                <![CDATA[WHERE `session_id`]]>
            </add>
        </operation>

    </file>

    <file path="system/library/session/file.php">
        <operation error="log">
            <search>
                <![CDATA[$handle = fopen($file, 'r');]]>
            </search>
            <add position="before">
                <![CDATA[
		/// << session-debloater|default
		$expire = (int)time() - (int)ini_get('session.gc_maxlifetime');

		if (filemtime($file) > $expire) {]]>
            </add>
        </operation>

        <operation error="log">
            <search>
                <![CDATA[return unserialize($data);]]>
            </search>
            <add position="after">
                <![CDATA[		}
		/// >> session-debloater|default]]>
            </add>
        </operation>

        <operation error="log">
            <search>
                <![CDATA[unset($file);]]>
            </search>
            <add position="replace">
                <![CDATA[unlink($file);  /// session-debloater|default]]>
            </add>
        </operation>
    </file>
</modification>
