<?xml version="1.0" encoding="utf-8"?>

<!--
@name     Session Debloater|Instant
@author   Andrii Burkatskyi, ocmod.space@gmail.com
@version  1.2.1
@link     https://www.opencart.com/index.php?route=marketplace/extension/info&extension_id=38580
@link     https://github.com/ocmod-space/ocmod-session-debloater
@licence  https://raw.githubusercontent.com/ocmod-space/ocmod-session-debloater/main/LICENSE.txt
-->

<modification>
    <name>#ocmod.space: session-debloater|instant</name>
    <code>session-debloater--instant</code>
    <version>1.2.1</version>
    <author>Andrii Burkatskyi</author>
    <link>https://www.opencart.com/index.php?route=marketplace/extension&amp;filter_member=ocmod.space</link>

    <file path="system/library/session/db.php">
        <operation error="log">
            <search>
                <![CDATA[$this->expire = ini_get('session.gc_maxlifetime');]]>
            </search>
            <add position="after">
                <![CDATA[
        /// << session-debloater|instant
        if ($this->db) {
            // Remove entries older than gc_maxlifetime seconds + 1 day
            $this->gc((int)$this->expire + 86400);
        }
        /// >> session-debloater|instant]]>
            </add>
        </operation>

        <operation error="log">
            <search>
                <![CDATA[((int)time() + $expire)]]>
            </search>
            <add position="replace">
                <![CDATA["'" . date("Y-m-d H:i:s", (int)time() - $expire) . "'"]]>
            </add>
        </operation>

        <operation error="log">
            <search>
                <![CDATA[return false;]]>
            </search>
            <add position="replace">
                <![CDATA[return array();  /// session-debloater|instant]]>
            </add>
        </operation>
    </file>

    <file path="system/library/session/file.php">
        <operation error="log">
            <search>
                <![CDATA[$handle = fopen($file, 'r');]]>
            </search>
            <add position="before">
                <![CDATA[
            /// << session-debloater|instant
            $expire = (int)time() - (int)ini_get('session.gc_maxlifetime');

			if (filemtime($file) > $expire) {]]>
            </add>
        </operation>

        <operation error="log">
            <search>
                <![CDATA[return unserialize($data);]]>
            </search>
            <add position="after">
                <![CDATA[			}
            /// >> session-debloater|instant]]>
            </add>
        </operation>

        <operation error="log">
            <search>
                <![CDATA[unset($file);]]>
            </search>
            <add position="replace">
                <![CDATA[unlink($file);  /// session-debloater|instant]]>
            </add>
        </operation>
    </file>
</modification>
